{
  "bo3": {
    "markov_auc": 0.531384729497937,
    "lgbm_auc": 0.5693662857293105,
    "hybrid_auc": 0.5565977716366958,
    "hybrid_cal_auc": 0.5677845900490651,
    "n_test": 5977
  },
  "bo5": {
    "markov_auc": 0.5329667071833032,
    "lgbm_auc": 0.6401647516386323,
    "hybrid_auc": 0.6172781923714761,
    "hybrid_cal_auc": 0.6382077706704573,
    "n_test": 1292
  }
}