{
  "device": "cuda",
  "amp": true,
  "min_year": 2003,
  "n_matches_total": 59169,
  "timestamp": "2026-05-11T17:04:05.808265",
  "games": {
    "bo3": {
      "n_train_aug": 58914,
      "n_val": 6151,
      "n_test": 6345,
      "lgbm_val_auc": 0.5557670398080393,
      "lgbm_test_auc": 0.5747230260698137,
      "lgbm_test_acc": 0.5555555555555556,
      "lgbm_test_brier": 0.2441960839540635,
      "nn_val_auc": 0.5683841330386554,
      "nn_test_auc": 0.5799550941025677,
      "ensemble_test_auc": 0.5756864787456532,
      "ensemble_test_acc": 0.5547675334909378,
      "ensemble_test_brier": 0.24386123214064823,
      "ensemble_test_logloss": 0.6825235835908773,
      "total_mae": 4.99854182608587,
      "total_rmse": 5.949147702499996,
      "total_r2": 0.002252731888644832,
      "stacker_coef": [
        [
          0.9614453095888181,
          2.591403779999172
        ]
      ],
      "stacker_intercept": [
        -1.9491745564193437
      ],
      "threshold": 22.5
    },
    "bo5": {
      "n_train_aug": 13396,
      "n_val": 1596,
      "n_test": 1403,
      "lgbm_val_auc": 0.6392651268448973,
      "lgbm_test_auc": 0.6378129349229507,
      "lgbm_test_acc": 0.5901639344262295,
      "lgbm_test_brier": 0.23144176472058722,
      "nn_val_auc": 0.6447620673354693,
      "nn_test_auc": 0.6267711320153596,
      "ensemble_test_auc": 0.6326001475594011,
      "ensemble_test_acc": 0.6101211689237348,
      "ensemble_test_brier": 0.230730859831363,
      "ensemble_test_logloss": 0.6665794755838064,
      "total_mae": 7.460847107117207,
      "total_rmse": 9.059490715696803,
      "total_r2": 0.06805826118008063,
      "stacker_coef": [
        [
          2.3026605922923897,
          3.281099130990734
        ]
      ],
      "stacker_intercept": [
        -3.0805701406313193
      ],
      "threshold": 38.5
    }
  },
  "duration": {
    "lgbm_mae": 28.40079522367776,
    "lgbm_rmse": 35.61021151947738,
    "lgbm_r2": 0.2773333044258509,
    "nn_mae": 29.547218322753906,
    "nn_rmse": 37.872925956516916,
    "nn_r2": 0.18257743120193481,
    "ensemble_mae": 28.803431645022997,
    "ensemble_rmse": 36.050959499562474,
    "ensemble_r2": 0.2593336915275646,
    "within_15": 0.2916937475627194,
    "within_30": 0.5932666060054596
  },
  "nsets": {
    "bo3": {
      "n_train": 29445,
      "n_val": 6163,
      "n_test": 6337,
      "accuracy": 0.6338961653779391,
      "f1_macro": 0.3879660034769171,
      "logloss": 0.6530587951543521,
      "baseline_acc": 0.6338961653779391,
      "classes": [
        2,
        3
      ],
      "test_auc": 0.5452809396272738
    },
    "bo5": {
      "n_train": 6703,
      "n_val": 1583,
      "n_test": 1409,
      "accuracy": 0.43789921930447123,
      "f1_macro": 0.23309086198986292,
      "logloss": 1.0400344335956817,
      "baseline_acc": 0.44357700496806246,
      "classes": [
        3,
        4,
        5
      ],
      "test_auc_ovr": 0.583674689936024
    }
  },
  "stats": {
    "p1_ace": {
      "mae": 2.9401253312189346,
      "rmse": 3.9809084722824886,
      "r2": 0.40617198421949785
    },
    "p2_ace": {
      "mae": 2.8539509986318015,
      "rmse": 3.8330840599023386,
      "r2": 0.42896693763670246
    },
    "p1_df": {
      "mae": 1.6161146066824823,
      "rmse": 2.1345897442152073,
      "r2": 0.2475838187166498
    },
    "p2_df": {
      "mae": 1.6195725943062618,
      "rmse": 2.1208970551789146,
      "r2": 0.2346518297666278
    },
    "p1_bpSaved": {
      "mae": 2.344040267068844,
      "rmse": 2.993049838877408,
      "r2": 0.10519229835737154
    },
    "p1_bpFaced": {
      "mae": 3.017790208654811,
      "rmse": 3.8419182187022503,
      "r2": 0.2093311716414613
    },
    "p2_bpSaved": {
      "mae": 2.3803779164320447,
      "rmse": 3.034366899999955,
      "r2": 0.10269616030087025
    },
    "p2_bpFaced": {
      "mae": 3.0314081954551746,
      "rmse": 3.8416330461955543,
      "r2": 0.21144584267515387
    },
    "p1_1st_pct": {
      "mae": 0.054483730806364435,
      "rmse": 0.06866459987363911,
      "r2": 0.17180455864178312
    },
    "p2_1st_pct": {
      "mae": 0.05350633392080248,
      "rmse": 0.0678031497339787,
      "r2": 0.1706925851298231
    },
    "p1_1st_win_pct": {
      "mae": 0.06533736564279417,
      "rmse": 0.0833982314843496,
      "r2": 0.25991911459647854
    },
    "p2_1st_win_pct": {
      "mae": 0.06520257982171632,
      "rmse": 0.08278974754166124,
      "r2": 0.2573769617164784
    }
  }
}