{
  "bo3": {
    "overall_auc": 0.5756864787456532,
    "overall_acc": 0.5547675334909378,
    "overall_brier": 0.24386123214064823,
    "n_test": 6345,
    "segments": {
      "surface_Grass": {
        "auc": 0.5172376543209877,
        "acc": 0.5235294117647059,
        "brier": 0.25052258338291394,
        "n": 510,
        "ou_rate": 0.5294117647058824
      },
      "surface_Clay": {
        "auc": 0.577869415567479,
        "acc": 0.5586652314316469,
        "brier": 0.24394440168114953,
        "n": 1858,
        "ou_rate": 0.465016146393972
      },
      "surface_Hard": {
        "auc": 0.5801444976320212,
        "acc": 0.5569524767412622,
        "brier": 0.24296814233933894,
        "n": 3977,
        "ou_rate": 0.45888860950465177
      },
      "level_250": {
        "auc": 0.5548839544472733,
        "acc": 0.5484972677595629,
        "n": 2928,
        "ou_rate": 0.4692622950819672
      },
      "level_500": {
        "auc": 0.6132594317857222,
        "acc": 0.5736491487786824,
        "n": 1351,
        "ou_rate": 0.4744633604737232
      },
      "level_M": {
        "auc": 0.5766413178122872,
        "acc": 0.5494450050454087,
        "n": 1982,
        "ou_rate": 0.4581231079717457
      },
      "round_1st Round": {
        "auc": 0.575841113284147,
        "acc": 0.5506973237843951,
        "n": 2653,
        "ou_rate": 0.4689031285337354
      },
      "round_2nd Round": {
        "auc": 0.5821332532373052,
        "acc": 0.562955254942768,
        "n": 1922,
        "ou_rate": 0.46462018730489074
      },
      "round_Quarterfinals": {
        "auc": 0.5686236189284969,
        "acc": 0.5565345080763583,
        "n": 681,
        "ou_rate": 0.4581497797356828
      },
      "round_Semifinals": {
        "auc": 0.5816664658392576,
        "acc": 0.5643835616438356,
        "n": 365,
        "ou_rate": 0.4712328767123288
      },
      "round_The Final": {
        "auc": 0.5542485955056179,
        "acc": 0.5675675675675675,
        "n": 185,
        "ou_rate": 0.4810810810810811
      },
      "round_3rd Round": {
        "auc": 0.5701733954451347,
        "acc": 0.5431472081218274,
        "n": 394,
        "ou_rate": 0.467005076142132
      },
      "round_4th Round": {
        "auc": 0.5386473429951691,
        "acc": 0.5045871559633027,
        "n": 109,
        "ou_rate": 0.42201834862385323
      },
      "fav_competitive (0.45-0.55)": {
        "auc": 0.49500632111251586,
        "acc": 0.5098814229249012,
        "n": 253,
        "ou_rate": 0.5533596837944664
      },
      "fav_medium_fav (0.55-0.70)": {
        "auc": 0.5397249841979661,
        "acc": 0.5311398354876615,
        "n": 3404,
        "ou_rate": 0.49853113983548764
      },
      "fav_strong_fav (>0.70)": {
        "auc": 0.5947569231122569,
        "acc": 0.5894658199477026,
        "n": 2677,
        "ou_rate": 0.41651101979828165
      },
      "confidence_low (p<0.40)": {
        "acc": 0.6939546599496221,
        "n": 794,
        "ou_rate": 0.3060453400503778,
        "predicted_over_rate": 0.0
      },
      "confidence_weak_under": {
        "acc": 0.5425993985967257,
        "n": 2993,
        "ou_rate": 0.4574006014032743,
        "predicted_over_rate": 0.0
      },
      "confidence_uncertain": {
        "acc": 0.5156844106463878,
        "n": 2104,
        "ou_rate": 0.5166349809885932,
        "predicted_over_rate": 0.9990494296577946
      },
      "confidence_weak_over": {
        "acc": 0.5642317380352645,
        "n": 397,
        "ou_rate": 0.5642317380352645,
        "predicted_over_rate": 1.0
      },
      "confidence_moderate (0.60-0.70)": {
        "acc": 0.6086956521739131,
        "n": 46,
        "ou_rate": 0.6086956521739131,
        "predicted_over_rate": 1.0
      },
      "combo_Hard_250": {
        "auc": 0.5683347564143137,
        "acc": 0.5590024330900243,
        "n": 1644,
        "ou_rate": 0.4537712895377129
      },
      "combo_Hard_500": {
        "auc": 0.616066121461805,
        "acc": 0.5774011299435028,
        "n": 885,
        "ou_rate": 0.4711864406779661
      },
      "combo_Hard_M": {
        "auc": 0.5667614743240084,
        "acc": 0.5388563049853372,
        "n": 1364,
        "ou_rate": 0.45894428152492667
      },
      "combo_Hard_F": {
        "auc": 0.6287878787878789,
        "acc": 0.5348837209302325,
        "n": 43,
        "ou_rate": 0.5116279069767442
      },
      "combo_Hard_A": {
        "auc": 0.5740740740740741,
        "acc": 0.6585365853658537,
        "n": 41,
        "ou_rate": 0.34146341463414637
      },
      "combo_Clay_250": {
        "auc": 0.5539362639558862,
        "acc": 0.5463258785942492,
        "n": 939,
        "ou_rate": 0.48242811501597443
      },
      "combo_Clay_500": {
        "auc": 0.6037272399495224,
        "acc": 0.5681063122923588,
        "n": 301,
        "ou_rate": 0.42857142857142855
      },
      "combo_Clay_M": {
        "auc": 0.6003197821681865,
        "acc": 0.5728155339805825,
        "n": 618,
        "ou_rate": 0.4563106796116505
      },
      "combo_Grass_250": {
        "auc": 0.4960672268907563,
        "acc": 0.5043478260869565,
        "n": 345,
        "ou_rate": 0.5072463768115942
      },
      "combo_Grass_500": {
        "auc": 0.578796992481203,
        "acc": 0.5636363636363636,
        "n": 165,
        "ou_rate": 0.5757575757575758
      },
      "total_dist_near_threshold": {
        "auc": 0.5756864787456532,
        "acc": 0.5547675334909378,
        "n": 6345,
        "mean_pred_total": 23.18242228550236,
        "mean_actual_total": 23.55713159968479
      }
    },
    "top_segments": [
      {
        "name": "combo_Hard_F",
        "auc": 0.6287878787878789,
        "acc": 0.5348837209302325,
        "n": 43,
        "ou_rate": 0.5116279069767442
      },
      {
        "name": "combo_Hard_500",
        "auc": 0.616066121461805,
        "acc": 0.5774011299435028,
        "n": 885,
        "ou_rate": 0.4711864406779661
      },
      {
        "name": "level_500",
        "auc": 0.6132594317857222,
        "acc": 0.5736491487786824,
        "n": 1351,
        "ou_rate": 0.4744633604737232
      },
      {
        "name": "combo_Clay_500",
        "auc": 0.6037272399495224,
        "acc": 0.5681063122923588,
        "n": 301,
        "ou_rate": 0.42857142857142855
      },
      {
        "name": "combo_Clay_M",
        "auc": 0.6003197821681865,
        "acc": 0.5728155339805825,
        "n": 618,
        "ou_rate": 0.4563106796116505
      },
      {
        "name": "fav_strong_fav (>0.70)",
        "auc": 0.5947569231122569,
        "acc": 0.5894658199477026,
        "n": 2677,
        "ou_rate": 0.41651101979828165
      },
      {
        "name": "round_2nd Round",
        "auc": 0.5821332532373052,
        "acc": 0.562955254942768,
        "n": 1922,
        "ou_rate": 0.46462018730489074
      },
      {
        "name": "round_Semifinals",
        "auc": 0.5816664658392576,
        "acc": 0.5643835616438356,
        "n": 365,
        "ou_rate": 0.4712328767123288
      },
      {
        "name": "surface_Hard",
        "auc": 0.5801444976320212,
        "acc": 0.5569524767412622,
        "brier": 0.24296814233933894,
        "n": 3977,
        "ou_rate": 0.45888860950465177
      },
      {
        "name": "combo_Grass_500",
        "auc": 0.578796992481203,
        "acc": 0.5636363636363636,
        "n": 165,
        "ou_rate": 0.5757575757575758
      },
      {
        "name": "surface_Clay",
        "auc": 0.577869415567479,
        "acc": 0.5586652314316469,
        "brier": 0.24394440168114953,
        "n": 1858,
        "ou_rate": 0.465016146393972
      },
      {
        "name": "level_M",
        "auc": 0.5766413178122872,
        "acc": 0.5494450050454087,
        "n": 1982,
        "ou_rate": 0.4581231079717457
      },
      {
        "name": "round_1st Round",
        "auc": 0.575841113284147,
        "acc": 0.5506973237843951,
        "n": 2653,