{
  "timestamp": "2026-05-12T12:10:31.066253",
  "n_matches_total": 57837,
  "upset_rate_overall": 0.2981655341736259,
  "models": {
    "bo3": {
      "auc_pr": 0.41758630315981865,
      "auc_roc": 0.6398888301561565,
      "brier": 0.21170036421110086,
      "precision_at_50": 0.4,
      "precision_at_100": 0.41,
      "precision_at_200": 0.47,
      "f1_optimal": 0.5190546528803545,
      "f1_optimal_threshold": 0.3,
      "precision_05": 0.45426594926979247,
      "recall_05": 0.24502487562189054,
      "f1_05": 0.3183409641799084,
      "accuracy_05": 0.6597203549341221,
      "upset_rate": 0.3242807206238236,
      "n_total": 7438,
      "n_upset": 2412,
      "segments": {
        "surface_Hard": {
          "auc_pr": 0.42105941242098943,
          "accuracy": 0.6595361405088944,
          "n": 4441,
          "upset_rate": 0.32402610778808594
        },
        "surface_Clay": {
          "auc_pr": 0.4068993099373676,
          "accuracy": 0.6576131687242799,
          "n": 2430,
          "upset_rate": 0.3222222328186035
        },
        "surface_Grass": {
          "auc_pr": 0.4431894487241861,
          "accuracy": 0.6684303350970018,
          "n": 567,
          "upset_rate": 0.3350970149040222
        },
        "round_2nd Round": {
          "auc_pr": 0.4376132456493149,
          "accuracy": 0.6671226630186958,
          "n": 2193,
          "upset_rate": 0.3283173739910126
        },
        "round_1st Round": {
          "auc_pr": 0.41318433095411317,
          "accuracy": 0.6520787746170679,
          "n": 3199,
          "upset_rate": 0.32728978991508484
        },
        "round_Quarterfinals": {
          "auc_pr": 0.4293105183307252,
          "accuracy": 0.679419525065963,
          "n": 758,
          "upset_rate": 0.31794196367263794
        },
        "round_Semifinals": {
          "auc_pr": 0.42064974749205664,
          "accuracy": 0.609254498714653,
          "n": 389,
          "upset_rate": 0.357326477766037
        },
        "round_The Final": {
          "auc_pr": 0.4095449009492661,
          "accuracy": 0.6212121212121212,
          "n": 198,
          "upset_rate": 0.3333333432674408
        },
        "round_3rd Round": {
          "auc_pr": 0.36001529125857024,
          "accuracy": 0.6962809917355371,
          "n": 484,
          "upset_rate": 0.2665289342403412
        },
        "round_Round Robin": {
          "auc_pr": 0.6387724415502194,
          "accuracy": 0.6444444444444445,
          "n": 45,
          "upset_rate": 0.4000000059604645
        },
        "round_4th Round": {
          "auc_pr": 0.3877666696124561,
          "accuracy": 0.672514619883041,
          "n": 171,
          "upset_rate": 0.3040935695171356
        },
        "level_500": {
          "auc_pr": 0.3921633924560622,
          "accuracy": 0.6796941376380629,
          "n": 1177,
          "upset_rate": 0.2922684848308563
        },
        "level_M": {
          "auc_pr": 0.41469460161262967,
          "accuracy": 0.6543478260869565,
          "n": 1840,
          "upset_rate": 0.32499998807907104
        },
        "level_F": {
          "auc_pr": 0.4113707729468599,
          "accuracy": 0.6585365853658537,
          "n": 41,
          "upset_rate": 0.2926829159259796
        },
        "level_250": {
          "auc_pr": 0.43583479066831377,
          "accuracy": 0.6359143327841845,
          "n": 2428,
          "upset_rate": 0.350906103849411
        },
        "level_A": {
          "auc_pr": 0.5265942336530571,
          "accuracy": 0.6410256410256411,
          "n": 39,
          "upset_rate": 0.38461539149284363
        },
        "fav_competitive": {
          "auc_pr": 0.4538115876413295,
          "accuracy": 0.44654088050314467,
          "n": 159,
          "upset_rate": 0.4591194987297058
        },
        "fav_medium_fav": {
          "auc_pr": 0.43801389475808883,
          "accuracy": 0.5646766169154229,
          "n": 4020,
          "upset_rate": 0.40920397639274597
        },
        "fav_strong_fav": {
          "auc_pr": 0.2662524386762687,
          "accuracy": 0.7881773399014779,
          "n": 3248,
          "upset_rate": 0.21182265877723694
        },
        "confidence_low": {
          "upset_rate": 0.3553629517555237,
          "n": 1846,
          "mean_predicted": 0.3629762793831424
        },
        "confidence_moderate": {
          "upset_rate": 0.42113956809043884,
          "n": 1211,
          "mean_predicted": 0.439057489265643
        },
        "confidence_high": {
          "upset_rate": 0.44890931248664856,
          "n": 871,
          "mean_predicted": 0.5388633081061702
        },
        "confidence_very_high": {
          "upset_rate": 0.4651162922382355,
          "n": 430,
          "mean_predicted": 0.655032116535213
        }
      },
      "betting": {
        "threshold_0.35": {
          "n_bets": 3980,
          "win_rate": 0.4085427224636078,
          "avg_odds": 2.364193467336684,
          "roi": -0.04742462311557789,
          "total_profit": -188.75
        },
        "threshold_0.40": {
          "n_bets": 2512,
          "win_rate": 0.4382961690425873,
          "avg_odds": 2.1964450636942674,
          "roi": -0.04101910828025476,
          "total_profit": -103.03999999999996
        },
        "threshold_0.45": {
          "n_bets": 1631,
          "win_rate": 0.44635194540023804,
          "avg_odds": 2.135358675659105,
          "roi": -0.047394236664622974,
          "total_profit": -77.30000000000007
        },
        "threshold_0.50": {
          "n_bets": 1301,
          "win_rate": 0.4542659521102905,
          "avg_odds": 2.119707916986933,
          "roi": -0.03704073789392779,
          "total_profit": -48.190000000000055
        },
        "threshold_0.55": {
          "n_bets": 613,
          "win_rate": 0.4796084761619568,
          "avg_odds": 2.097389885807504,
          "roi": 0.003784665579119075,
          "total_profit": 2.319999999999993
        },
        "threshold_0.60": {
          "n_bets": 430,
          "win_rate": 0.4651162922382355,
          "avg_odds": 2.0927209302325585,
          "roi": -0.024953488372092998,
          "total_profit": -10.72999999999999
        },
        "threshold_0.70": {
          "n_bets": 44,
          "win_rate": 0.3863636255264282,
          "avg_odds": 2.0977272727272727,
          "roi": -0.1931818181818181,
          "total_profit": -8.499999999999996
        }
      },
      "rule_comparison": {
        "rule_based": {
          "n_flagged": 1854,
          "precision": 0.19309601187705994,
          "recall": 0.14842455089092255
        },
        "ml_at_same_k": {
          "n_flagged": 1854,
          "precision": 0.43959006667137146
        }
      }
    },
    "bo5": {
      "auc_pr": 0.40424878200590564,
      "auc_roc": 0.7041990059912854,
      "brier": 0.17895370309731704,
      "precision_at_50": 0.5,
      "precision_at_100": 0.48,
      "precision_at_200": 0.425,
      "f1_optimal": 0.4806201550387597,
      "f1_optimal_threshold": 0.3,
      "precision_05": 0.4482758620689655,
      "recall_05": 0.203125,
      "f1_05": 0.27956989247311825,
      "accuracy_05": 0.7294022617124394,
      "upset_rate": 0.25848142164781907,
      "n_total": 1238,
      "n_upset": 320,
      "segments": {
        "surface_Hard": {
          "auc_pr": 0.4110902942694249,
          "accuracy": 0.7272727272727273,
          "n": 616,
          "upset_rate": 0.2646103799343109
        },
        "surface_Clay": {
          "auc_pr": 0.4478764766526361,
          "accuracy": 0.7543859649122807,
          "n": 285,
          "upset_rate": 0.2526315748691559
        },
        "surface_Grass": {
          "auc_pr": 0.36215954889704266,
          "accuracy": 0.712166172106825,
          "n": 337,
          "upset_rate": 0.25222551822662354
        },
        "round_1st Round": {
          "auc_pr": 0.4445327181741847,
          "accuracy": 0.7001675041876047,
          "n": 597,